{
  "id": "1763742",
  "name": "就是干app",
  "font_family": "aliicon",
  "css_prefix_text": "icon-",
  "description": "",
  "glyphs": [
    {
      "icon_id": "7124639",
      "name": "帅选",
      "font_class": "shuaixuan",
      "unicode": "e650",
      "unicode_decimal": 58960
    },
    {
      "icon_id": "7549848",
      "name": "目录",
      "font_class": "RectangleCopy",
      "unicode": "e6af",
      "unicode_decimal": 59055
    },
    {
      "icon_id": "2435685",
      "name": "退出登录",
      "font_class": "tuichudenglu",
      "unicode": "e64a",
      "unicode_decimal": 58954
    },
    {
      "icon_id": "4962162",
      "name": "退出登录",
      "font_class": "tuichudenglu1",
      "unicode": "e78f",
      "unicode_decimal": 59279
    },
    {
      "icon_id": "11629614",
      "name": "menu",
      "font_class": "menu",
      "unicode": "e609",
      "unicode_decimal": 58889
    },
    {
      "icon_id": "2060160",
      "name": "企业",
      "font_class": "qiye",
      "unicode": "e62d",
      "unicode_decimal": 58925
    },
    {
      "icon_id": "6576616",
      "name": "个体工商户入驻",
      "font_class": "getigongshanghuruzhu",
      "unicode": "e605",
      "unicode_decimal": 58885
    },
    {
      "icon_id": "5255211",
      "name": "复制",
      "font_class": "fuzhi1",
      "unicode": "e800",
      "unicode_decimal": 59392
    },
    {
      "icon_id": "1817725",
      "name": "复制",
      "font_class": "fuzhi",
      "unicode": "e618",
      "unicode_decimal": 58904
    },
    {
      "icon_id": "1066439",
      "name": "退款",
      "font_class": "refund",
      "unicode": "e615",
      "unicode_decimal": 58901
    },
    {
      "icon_id": "8361862",
      "name": "手",
      "font_class": "shou",
      "unicode": "e6cf",
      "unicode_decimal": 59087
    },
    {
      "icon_id": "6279237",
      "name": "分类",
      "font_class": "fenlei1",
      "unicode": "e699",
      "unicode_decimal": 59033
    },
    {
      "icon_id": "1435228",
      "name": "分类",
      "font_class": "fenlei",
      "unicode": "e630",
      "unicode_decimal": 58928
    },
    {
      "icon_id": "4646390",
      "name": "筛选",
      "font_class": "shaixuan1",
      "unicode": "e7eb",
      "unicode_decimal": 59371
    },
    {
      "icon_id": "765287",
      "name": "完成",
      "font_class": "shouye",
      "unicode": "e614",
      "unicode_decimal": 58900
    },
    {
      "icon_id": "2019043",
      "name": "工作经验",
      "font_class": "gongzuojingyan",
      "unicode": "e79c",
      "unicode_decimal": 59292
    },
    {
      "icon_id": "3050841",
      "name": "付款-锁定",
      "font_class": "wallet-lock",
      "unicode": "e628",
      "unicode_decimal": 58920
    },
    {
      "icon_id": "6602714",
      "name": "付款",
      "font_class": "fukuan",
      "unicode": "e656",
      "unicode_decimal": 58966
    },
    {
      "icon_id": "8007443",
      "name": "人才服务",
      "font_class": "rencaifuwu",
      "unicode": "e616",
      "unicode_decimal": 58902
    },
    {
      "icon_id": "6102946",
      "name": "中评",
      "font_class": "zhongping",
      "unicode": "e63e",
      "unicode_decimal": 58942
    },
    {
      "icon_id": "6102948",
      "name": "差评",
      "font_class": "chaping",
      "unicode": "e63f",
      "unicode_decimal": 58943
    },
    {
      "icon_id": "6102959",
      "name": "好评",
      "font_class": "haoping",
      "unicode": "e643",
      "unicode_decimal": 58947
    },
    {
      "icon_id": "2028394",
      "name": "评价",
      "font_class": "pingjia",
      "unicode": "e621",
      "unicode_decimal": 58913
    },
    {
      "icon_id": "6265397",
      "name": "流程-其他投递机会及归属",
      "font_class": "flow-others",
      "unicode": "e65c",
      "unicode_decimal": 58972
    },
    {
      "icon_id": "4942693",
      "name": "职位",
      "font_class": "zhiwei",
      "unicode": "e62a",
      "unicode_decimal": 58922
    },
    {
      "icon_id": "4844155",
      "name": "教育",
      "font_class": "jiaoyu",
      "unicode": "e604",
      "unicode_decimal": 58884
    },
    {
      "icon_id": "6197661",
      "name": "地理位置",
      "font_class": "diliweizhi",
      "unicode": "e786",
      "unicode_decimal": 59270
    },
    {
      "icon_id": "6197666",
      "name": "工作",
      "font_class": "gongzuo",
      "unicode": "e788",
      "unicode_decimal": 59272
    },
    {
      "icon_id": "12996000",
      "name": "work",
      "font_class": "work",
      "unicode": "e7f7",
      "unicode_decimal": 59383
    },
    {
      "icon_id": "940023",
      "name": "意见反馈",
      "font_class": "yijianfankui",
      "unicode": "e610",
      "unicode_decimal": 58896
    },
    {
      "icon_id": "1034919",
      "name": "wallet",
      "font_class": "wallet",
      "unicode": "e644",
      "unicode_decimal": 58948
    },
    {
      "icon_id": "12961501",
      "name": "setting-line",
      "font_class": "shezhi",
      "unicode": "e67b",
      "unicode_decimal": 59003
    },
    {
      "icon_id": "6506067",
      "name": "个人主页入口",
      "font_class": "gerenzhuyerukou",
      "unicode": "e61a",
      "unicode_decimal": 58906
    },
    {
      "icon_id": "12340927",
      "name": "切换身份",
      "font_class": "qiehuanshenfen",
      "unicode": "e60f",
      "unicode_decimal": 58895
    },
    {
      "icon_id": "578337",
      "name": "客服中心",
      "font_class": "kefuzhongxin",
      "unicode": "e603",
      "unicode_decimal": 58883
    },
    {
      "icon_id": "727344",
      "name": "切换账号",
      "font_class": "qiehuanzhanghao",
      "unicode": "e652",
      "unicode_decimal": 58962
    },
    {
      "icon_id": "5597496",
      "name": "浏览记录",
      "font_class": "liulanjilu",
      "unicode": "e68b",
      "unicode_decimal": 59019
    },
    {
      "icon_id": "10438612",
      "name": "好友列表",
      "font_class": "haoyouliebiao",
      "unicode": "e642",
      "unicode_decimal": 58946
    },
    {
      "icon_id": "4686547",
      "name": "发布",
      "font_class": "fabu1",
      "unicode": "ec09",
      "unicode_decimal": 60425
    },
    {
      "icon_id": "8766122",
      "name": "任务",
      "font_class": "renwu",
      "unicode": "e60b",
      "unicode_decimal": 58891
    },
    {
      "icon_id": "6946444",
      "name": "邀请码",
      "font_class": "yaoqingma",
      "unicode": "e626",
      "unicode_decimal": 58918
    },
    {
      "icon_id": "9486918",
      "name": "简历",
      "font_class": "jianli",
      "unicode": "e627",
      "unicode_decimal": 58919
    },
    {
      "icon_id": "1545798",
      "name": "小区",
      "font_class": "icon-test",
      "unicode": "e60d",
      "unicode_decimal": 58893
    },
    {
      "icon_id": "1594794",
      "name": "楼房",
      "font_class": "loufang",
      "unicode": "e625",
      "unicode_decimal": 58917
    },
    {
      "icon_id": "1973506",
      "name": "住宅2",
      "font_class": "zhuzhai",
      "unicode": "e62b",
      "unicode_decimal": 58923
    },
    {
      "icon_id": "7329512",
      "name": "学校",
      "font_class": "xuexiao",
      "unicode": "ea33",
      "unicode_decimal": 59955
    },
    {
      "icon_id": "7766132",
      "name": "写字楼",
      "font_class": "xiezilou",
      "unicode": "ebf7",
      "unicode_decimal": 60407
    },
    {
      "icon_id": "9880141",
      "name": "小区",
      "font_class": "xiaoqu",
      "unicode": "ecf2",
      "unicode_decimal": 60658
    },
    {
      "icon_id": "989190",
      "name": "message",
      "font_class": "message",
      "unicode": "e602",
      "unicode_decimal": 58882
    },
    {
      "icon_id": "9802125",
      "name": "Message",
      "font_class": "Message",
      "unicode": "e78b",
      "unicode_decimal": 59275
    },
    {
      "icon_id": "3523333",
      "name": "类目 品类 分类 类别.2",
      "font_class": "foot1",
      "unicode": "e60c",
      "unicode_decimal": 58892
    },
    {
      "icon_id": "13647563",
      "name": "筛 选",
      "font_class": "shaixuan",
      "unicode": "e60e",
      "unicode_decimal": 58894
    },
    {
      "icon_id": "1055241",
      "name": "send",
      "font_class": "send",
      "unicode": "e706",
      "unicode_decimal": 59142
    },
    {
      "icon_id": "2377863",
      "name": "switch",
      "font_class": "qiehuan",
      "unicode": "e6ae",
      "unicode_decimal": 59054
    },
    {
      "icon_id": "452655",
      "name": "发布",
      "font_class": "fabu",
      "unicode": "e600",
      "unicode_decimal": 58880
    },
    {
      "icon_id": "3861678",
      "name": "地图",
      "font_class": "ditu",
      "unicode": "e649",
      "unicode_decimal": 58953
    },
    {
      "icon_id": "8148861",
      "name": "back",
      "font_class": "back",
      "unicode": "e601",
      "unicode_decimal": 58881
    },
    {
      "icon_id": "986226",
      "name": "微信",
      "font_class": "weixin-copy",
      "unicode": "e65b",
      "unicode_decimal": 58971
    },
    {
      "icon_id": "13866579",
      "name": "支付宝",
      "font_class": "zhifubao",
      "unicode": "e952",
      "unicode_decimal": 59730
    }
  ]
}
